rn /logs/app_logs/errors.log to app_error_log.txt
rename the analytics/reports/summary.csv to yearly_summary.csv
rn /projects/frontend/styles.css as theme_styles.css
rename the snapshots/photo001.jpg to profile_picture.jpg
rn /configs/security/keys.pem to security_keys.pem
rename the api/documentation/openapi.yaml to api_docs.yaml
rn /scripts/deployment/deploy.sh as deployment_script.sh
rename the documents/archive/history.docx to historical_records.docx
rn /home/user/temp/file.tmp to temporary_file.tmp
rename the data/exports/report.json to export_data.json
rn /projects/utils/math.py as math_utilities.py
rename the resources/templates/base.html to base_template.html
rn /media/music/jazz.mp3 to relaxing_jazz.mp3
rename the logs/system/event.log to system_event_log.log
rn /configs/system/default.conf to default_config.conf
rename the folders/images/gallery to image_gallery
rn /projects/ml/models/model_v1.h5 to model_final.h5
rename the notes/docs/research.md to research_notes.md
rn /media/videos/trailer.mov to official_trailer.mov
rename the cache/system/temp.cache to temporary_cache.cache
rn /scripts/tests/unit_test.py as unit_tests.py
rename the backups/data_backup.zip to archive_backup.zip
rn /projects/backend/configs/settings.env as backend_env_settings.env
rename the user/admin/photos/profile.jpg to admin_profile_picture.jpg
rn /docs/projects/overview.pdf to project_overview.pdf
rename the server/logs/access.log to access_log_2024.log
rn /resources/fonts/main.ttf as primary_font.ttf
rename the configs/network/dns.yaml to dns_config.yaml
rn /archives/movies/classic.mp4 as classic_movie.mp4
rename the workspace/dev/config.js to development_config.js
rn /configs/api/endpoints.json as api_endpoints.json
rename the documents/files/manual.txt to man.txt
rn /home/user/hew.py to mainscript.py
rename the ui/component/header as head
rn videos/video.mp4 as important.mp4
rename the docs/guide/tutorial.md to tutorial_guide.md
rn /projects/codebase/script.js as app.js
rename the archive/data/report.xlsx to monthly_report.xlsx
rn /configs/settings/system.yaml as system_config.yaml
rename the folder /media/photos/holidays to vacation_photos
rn /temp/debug/logs.log to debug_log.txt
rename the analytics/models/predict.h5 to prediction_model.h5
rn /projects/frontend/index.html as main_page.html
rename the scripts/build/config.gradle to build_config.gradle
rn /users/admin/profile.jpg as user_profile.jpg
rename the logs/server/errors.log to error_logs.txt
rn /resources/images/banner.png as homepage_banner.png
rename the app/controllers/main.rb to main_controller.rb
rn /videos/short_clips/clip.mov as teaser.mov
rename the file archive/docs/history.pdf to history_archive.pdf
rn /configs/database/schema.sql as db_schema.sql
rename the audio/music/song.mp3 to classic_song.mp3
rn /projects/backend/utils/helpers.py as helper_functions.py
rename the snapshots/image001.png to cover_photo.png
rn /configs/api/routes.yaml to api_routes.yaml
rename the documents/resumes/john_doe.docx to resume_john.docx
rn /projects/backend/main.cpp as backend_main.cpp
rename the folder /projects/data/analytics to /projects/data_analysis  
rn /media/photos/travel to /media/travel_photos  
rename the directory /archives/logs/system_logs to /archives/system_logs_archive  
rn /resources/templates/design to /resources/design_templates  
rename the folder /users/admin/documents to /users/admin/docs_archive  
rn /configs/api/settings to /configs/api_settings  
rename the directory /snapshots/images/screenshots to /snapshots/screenshot_images  
rn /backup/system to /backup/system_files  
rename the folder /temp/files/cache to /temp/cache_files  
rn /projects/models/ml to /projects/models/machine_learning  
rename the folder /configs/security/firewall to /configs/network_security  
rn /docs/references to /docs/ref_materials  
rename the directory /media/videos/clips to /media/video_clips  
rn /resources/icons/ui to /resources/ui_icons  
rename the folder /projects/demo_app to /projects/sample_application  
rn /documents/reports/sales to /documents/sales_reports  
rename the folder /configs/server/nginx to /configs/web_server  
rn /projects/frontend/assets to /projects/frontend_resources  
rename the directory /analytics/data/monthly to /analytics/monthly_data  
rn /archives/old to /archives/legacy_files  
rename the folder /media/music/genres to /media/music_categories  
rn /snapshots/events to /snapshots/event_photos  
rename the directory /resources/scripts/tools to /resources/utilities  
rn /configs/backup/db to /configs/database_backup  
rename the folder /users/shared/files to /users/shared_resources  
rn /projects/python/scripts to /projects/python_codebase  
rename the directory /temp/logs/debug to /temp/debug_logs  
rn /docs/manuals/user to /docs/user_guides  
rename the folder /configs/env/development to /configs/dev_environment  
rn /resources/images/icons to /resources/icon_library  
rename the folder /workspaces/test to /workspaces/testing_area  
rn /archives/docs/old to /archives/old_documents  
rename the directory /snapshots/screenshots/errors to /snapshots/error_screenshots  
rn /configs/network/settings to /configs/network_configurations  
rename the folder /media/videos/movies to /media/movie_library  
rn /projects/data/backup to /projects/data_archives  
rename the directory /users/admin/personal to /users/admin/private_data  
rn /analytics/reports/yearly to /analytics/yearly_reports  
rename the folder /temp/dumps to /temp/data_dumps  
rn /resources/fonts/legacy to /resources/legacy_fonts  
rename the directory /configs/themes to /configs/ui_themes  
rn /documents/files/contracts to /documents/legal_documents  
rename the folder /projects/tools/utilities to /projects/utility_tools  
rn /configs/database/migrations to /configs/db_migration_scripts  
rename the directory /snapshots/events/weddings to /snapshots/wedding_photos  
rn /resources/datasets/training to /resources/training_datasets  

